Workbook

Sheet j name table
A1: Name | B1: Output | C1: Type | D1: Proper
A2: nature | B2: X...nature | C2: gen | D2: Nature
A3: science | B3: X...science | C3: gen | D3: Science
A4: jama | B4: X...jama | C4: med | D4: Jama
A5: jama surgery | B5: X...jama.surgery | C5: med | D5: Jama Surgery
A6: lancet | B6: X...lancet | C6: med | D6: Lancet
A7: nature medicine | B7: X...nature.medicine | C7: med | D7: Nature Medicine
A8: science translational medicine | B8: X...science.translational.medicine | C8: med | D8: Science Translational Medicine
A9: the new england journal of medicine | B9: X...the.new.england.journal.of.medicine | C9: med | D9: The New England Journal Of Medicine
A10: epilepsia | B10: X...epilepsia | C10: neuro | D10: Epilepsia
A11: journal of clinical neuroscience | B11: X...journal.of.clinical.neuroscience..official.journal.of.the.neurosurgical.society.of.australasia | C11: neuro | D11: Journal Of Clinical Neuroscience
A12: journal of neurooncology | B12: X...journal.of.neurooncology | C12: neuro | D12: Journal Of Neurooncology
... A24: world neurosurgery | B24: X...world.neurosurgery | C24: nsurg | D24: World Neurosurgery

Sheet base data
B1: first.line | C1: table.crude.OR.95.CI. | D1: table.adj..OR.95.CI. | E1: table.P.Wald.s.test. | F1: table.P.LR.test. | G1: last.lines
A2: PubDate..cont..var.. | B2: _x000D_ Logistic regression predicting fa_gender _x000D_ | C2: 1.08 (1.06,1.1) | D2: 1.08 (1.06,1.1) | E2: < 0.001 | F2: < 0.001 | G2: Log-likelihood = -4180.4708_x000D_ No. of observations = 10539_x000D_ AIC value = 8412.9416_x000D_ _x000D_
A3: X | B3: _x000D_ Logistic regression predicting fa_gender _x000D_ | G3: Log-likelihood = -4180.4708_x000D_ No. of observations = 10539_x000D_ AIC value = 8412.9416_x000D_ _x000D_
A4: Journal..ref..acta.neurochirurgica | B4: _x000D_ Logistic regression predicting fa_gender _x000D_ | F4: < 0.001 | G4: Log-likelihood = -4180.4708_x000D_ No. of observations = 10539_x000D_ AIC value = 8412.9416_x000D_ _x000D_
A5: X...epilepsia | B5: _x000D_ Logistic regression predicting fa_gender _x000D_ | C5: 1.23 (0.51,2.94) | D5: 1.15 (0.48,2.79) | E5: 0.752 | G5: Log-likelihood = -4180.4708_x000D_ No. of observations = 10539_x000D_ AIC value = 8412.9416_x000D_ _x000D_
A6: X...jama | B6: _x000D_ Logistic regression predicting fa_gender _x000D_ | C6: 0.41 (0.05,3.22) | D6: 0.44 (0.06,3.52) | E6: 0.439 | G6: Log-likelihood = -4180.4708_x000D_ No. of observations = 10539_x000D_ AIC value = 8412.9416_x000D_ _x000D_
A7: X...jama.surgery | B7: _x000D_ Logistic regression predicting fa_gender _x000D_ | C7: 1.14 (0.23,5.5) | D7: 0.9 (0.19,4.4) | E7: 0.899 | G7: Log-likelihood = -4180.4708_x000D_ No. of observations = 10539_x000D_ AIC value = 8412.9416_x000D_ _x000D_
A8: X...journal.of.cerebrovascular.and.endovascular.neurosurgery | B8: _x000D_ Logistic regression predicting fa_gender _x000D_ | C8: 1.05 (0.37,2.99) | D8: 1.02 (0.35,2.91) | E8: 0.978 | G8: Log-likelihood = -4180.4708_x000D_ No. of observations = 10539_x000D_ AIC value = 8412.9416_x000D_ _x000D_
A9: X...journal.of.clinical.neuroscience..official.journal.of.the.neurosurgical.society.of.australasia | B9: _x000D_ Logistic regression predicting fa_gender _x000D_ | C9: 0.86 (0.53,1.4) | D9: 0.97 (0.59,1.58) | E9: 0.892 | G9: Log-likelihood = -4180.4708_x000D_ No. of observations = 10539_x000D_ AIC value = 8412.9416_x000D_ _x000D_
A10: X...journal.of.neuro.interventional.surgery | B10: _x000D_ Logistic regression predicting fa_gender _x000D_ | C10: 0.44 (0.25,0.79) | D10: 0.46 (0.26,0.83) | E10: 0.009 | G10: Log-likelihood = -4180.4708_x000D_ No. of observations = 10539_x000D_ AIC value = 8412.9416_x000D_ _x000D_
A11: X...journal.of.neurological.surgery.part.b.skull.base | B11: _x000D_ Logistic regression predicting fa_gender _x000D_ | C11: 1.4 (0.79,2.48) | D11: 1.26 (0.71,2.25) | E11: 0.425 | G11: Log-likelihood = -4180.4708_x000D_ No. of observations = 10539_x000D_ AIC value = 8412.9416_x000D_ _x000D_
A12: X...journal.of.neurooncology | B12: _x000D_ Logistic regression predicting fa_gender _x000D_ | C12: 1.16 (0.69,1.96) | D12: 1.12 (0.66,1.91) | E12: 0.668 | G12: Log-likelihood = -4180.4708_x000D_ No. of observations = 10539_x000D_ AIC value = 8412.9416_x000D_ _x000D_
A13: X...journal.of.neurosurgery | B13: _x000D_ Logistic regression predicting fa_gender _x000D_ | C13: 0.83 (0.53,1.32) | D13: 0.88 (0.56,1.39) | E13: 0.579 | G13: Log-likelihood = -4180.4708_x000D_ No. of observations = 10539_x000D_ AIC value = 8412.9416_x000D_ _x000D_
A14: X...journal.of.neurosurgery.pediatrics | B14: _x000D_ Logistic regression predicting fa_gender _x000D_ | C14: 1.6 (1.01,2.52) | D14: 1.72 (1.09,2.73) | E14: 0.02 | G14: Log-likelihood = -4180.4708_x000D_ No. of observations = 10539_x000D_ AIC value = 8412.9416_x000D_ _x000D_
A15: X...journal.of.neurosurgery.spine | B15: _x000D_ Logistic regression predicting fa_gender _x000D_ | C15: 0.63 (0.39,1.03) | D15: 0.67 (0.41,1.09) | E15: 0.109 | G15: Log-likelihood = -4180.4708_x000D_ No. of observations = 10539_x000D_ AIC value = 8412.9416_x000D_ _x000D_
A16: X...lancet | B16: _x000D_ Logistic regression predicting fa_gender _x000D_ | C16: 0.71 (0.09,5.93) | D16: 0.93 (0.11,7.76) | E16: 0.945 | G16: Log-likelihood = -4180.4708_x000D_ No. of observations = 10539_x000D_ AIC value = 8412.9416_x000D_ _x000D_
... A27: X...world.neurosurgery | B27: _x000D_ Logistic regression predicting fa_gender _x000D_ | C27: 1.01 (0.65,1.56) | D27: 0.97 (0.62,1.5) | E27: 0.875 | G27: Log-likelihood = -4180.4708_x000D_ No. of observations = 10539_x000D_ AIC value = 8412.9416_x000D_ _x000D_
A28: X.1 | B28: _x000D_ Logistic regression predicting fa_gender _x000D_ | G28: Log-likelihood = -4180.4708_x000D_ No. of observations = 10539_x000D_ AIC value = 8412.9416_x000D_ _x000D_
A29: la_gender | B29: _x000D_ Logistic regression predicting fa_gender _x000D_ | C29: 1.77 (1.49,2.1) | D29: 1.54 (1.29,1.83) | E29: < 0.001 | F29: < 0.001 | G29: Log-likelihood = -4180.4708_x000D_ No. of observations = 10539_x000D_ AIC value = 8412.9416_x000D_ _x000D_
A30: X.2 | B30: _x000D_ Logistic regression predicting fa_gender _x000D_ | G30: Log-likelihood = -4180.4708_x000D_ No. of observations = 10539_x000D_ AIC value = 8412.9416_x000D_ _x000D_

Sheet base cleaned
A1: ='base data'!A1 -> 0 | B1: ='base data'!D1 -> table.adj..OR.95.CI. | C1: ='base data'!E1 -> table.P.Wald.s.test.
A2: ='base data'!A2 -> PubDate..cont..var.. | B2: ='base data'!D2 -> 1.08 (1.06,1.1) | C2: ='base data'!E2 -> < 0.001
A3: ='base data'!A3 -> X | B3: ='base data'!D3 -> 0 | C3: ='base data'!E3 -> 0
A4: ='base data'!A4 -> Journal..ref..acta.neurochirurgica | B4: ='base data'!D4 -> 0 | C4: ='base data'!E4 -> 0
A5: ='base data'!A5 -> X...epilepsia | B5: ='base data'!D5 -> 1.15 (0.48,2.79) | C5: ='base data'!E5 -> 0.752
A6: ='base data'!A6 -> X...jama | B6: ='base data'!D6 -> 0.44 (0.06,3.52) | C6: ='base data'!E6 -> 0.439
A7: ='base data'!A7 -> X...jama.surgery | B7: ='base data'!D7 -> 0.9 (0.19,4.4) | C7: ='base data'!E7 -> 0.899
A8: ='base data'!A8 -> X...journal.of.cerebrovascular.and.endovascular.neurosurgery | B8: ='base data'!D8 -> 1.02 (0.35,2.91) | C8: ='base data'!E8 -> 0.978
A9: ='base data'!A9 -> X...journal.of.clinical.neuroscience..official.journal.of.the.neurosurgical.society.of.australasia | B9: ='base data'!D9 -> 0.97 (0.59,1.58) | C9: ='base data'!E9 -> 0.892
A10: ='base data'!A10 -> X...journal.of.neuro.interventional.surgery | B10: ='base data'!D10 -> 0.46 (0.26,0.83) | C10: ='base data'!E10 -> 0.009
A11: ='base data'!A11 -> X...journal.of.neurological.surgery.part.b.skull.base | B11: ='base data'!D11 -> 1.26 (0.71,2.25) | C11: ='base data'!E11 -> 0.425
A12: ='base data'!A12 -> X...journal.of.neurooncology | B12: ='base data'!D12 -> 1.12 (0.66,1.91) | C12: ='base data'!E12 -> 0.668
... A29: ='base data'!A29 -> la_gender | B29: ='base data'!D29 -> 1.54 (1.29,1.83) | C29: ='base data'!E29 -> < 0.001

Sheet Original
L10: Predictor | N10: Odds Ratio (95% CI) | O10: P-value
J11: Female Last Author | L11: =PROPER(J11) -> Female Last Author | N11: ='base cleaned'!B29 -> 1.54 (1.29,1.83) | O11: ='base cleaned'!C29 -> < 0.001
J12: Year (Continuous) | L12: =PROPER(J12) -> Year (Continuous) | N12: ='base cleaned'!B2 -> 1.08 (1.06,1.1) | O12: ='base cleaned'!C2 -> < 0.001
J13: Journal (Acta Neurochirurgica Baseline) | L13: =PROPER(J13) -> Journal (Acta Neurochirurgica Baseline)
E14: ='base cleaned'!A5 -> X...epilepsia | J14: =_xlfn.XLOOKUP(E14,'j name table'!B:B,'j name table'!D:D) -> Epilepsia | K14: FALSE | M14: =PROPER(J14) -> Epilepsia | N14: ='base cleaned'!B5 -> 1.15 (0.48,2.79) | O14: ='base cleaned'!C5 -> 0.752
E15: ='base cleaned'!A6 -> X...jama | J15: =_xlfn.XLOOKUP(E15,'j name table'!B:B,'j name table'!D:D) -> Jama | K15: FALSE | M15: =PROPER(J15) -> Jama | N15: ='base cleaned'!B6 -> 0.44 (0.06,3.52) | O15: ='base cleaned'!C6 -> 0.439
E16: ='base cleaned'!A7 -> X...jama.surgery | J16: =_xlfn.XLOOKUP(E16,'j name table'!B:B,'j name table'!D:D) -> Jama Surgery | K16: FALSE | M16: =PROPER(J16) -> Jama Surgery | N16: ='base cleaned'!B7 -> 0.9 (0.19,4.4) | O16: ='base cleaned'!C7 -> 0.899
E17: ='base cleaned'!A8 -> X...journal.of.cerebrovascular.and.endovascular.neurosurgery | J17: =_xlfn.XLOOKUP(E17,'j name table'!B:B,'j name table'!D:D) -> Journal Of Cerebrovascular And Endovascular Neurosurgery | K17: FALSE | M17: =PROPER(J17) -> Journal Of Cerebrovascular And Endovascular Neurosurgery | N17: ='base cleaned'!B8 -> 1.02 (0.35,2.91) | O17: ='base cleaned'!C8 -> 0.978
E18: ='base cleaned'!A9 -> X...journal.of.clinical.neuroscience..official.journal.of.the.neurosurgical.society.of.australasia | J18: =_xlfn.XLOOKUP(E18,'j name table'!B:B,'j name table'!D:D) -> Journal Of Clinical Neuroscience | K18: FALSE | M18: =PROPER(J18) -> Journal Of Clinical Neuroscience | N18: ='base cleaned'!B9 -> 0.97 (0.59,1.58) | O18: ='base cleaned'!C9 -> 0.892
E19: ='base cleaned'!A10 -> X...journal.of.neuro.interventional.surgery | J19: =_xlfn.XLOOKUP(E19,'j name table'!B:B,'j name table'!D:D) -> Journal Of Neuro Interventional Surgery | K19: FALSE | M19: =PROPER(J19) -> Journal Of Neuro Interventional Surgery | N19: ='base cleaned'!B10 -> 0.46 (0.26,0.83) | O19: ='base cleaned'!C10 -> 0.009
E20: ='base cleaned'!A11 -> X...journal.of.neurological.surgery.part.b.skull.base | J20: =_xlfn.XLOOKUP(E20,'j name table'!B:B,'j name table'!D:D) -> Journal Of Neurological Surgery Part B: Skull Base | K20: FALSE | M20: =PROPER(J20) -> Journal Of Neurological Surgery Part B: Skull Base | N20: ='base cleaned'!B11 -> 1.26 (0.71,2.25) | O20: ='base cleaned'!C11 -> 0.425
E21: ='base cleaned'!A12 -> X...journal.of.neurooncology | J21: =_xlfn.XLOOKUP(E21,'j name table'!B:B,'j name table'!D:D) -> Journal Of Neurooncology | K21: FALSE | M21: =PROPER(J21) -> Journal Of Neurooncology | N21: ='base cleaned'!B12 -> 1.12 (0.66,1.91) | O21: ='base cleaned'!C12 -> 0.668
E22: ='base cleaned'!A13 -> X...journal.of.neurosurgery | J22: =_xlfn.XLOOKUP(E22,'j name table'!B:B,'j name table'!D:D) -> Journal Of Neurosurgery | K22: FALSE | M22: =PROPER(J22) -> Journal Of Neurosurgery | N22: ='base cleaned'!B13 -> 0.88 (0.56,1.39) | O22: ='base cleaned'!C13 -> 0.579
E23: ='base cleaned'!A14 -> X...journal.of.neurosurgery.pediatrics | J23: =_xlfn.XLOOKUP(E23,'j name table'!B:B,'j name table'!D:D) -> Journal Of Neurosurgery: Pediatrics | K23: FALSE | M23: =PROPER(J23) -> Journal Of Neurosurgery: Pediatrics | N23: ='base cleaned'!B14 -> 1.72 (1.09,2.73) | O23: ='base cleaned'!C14 -> 0.02
E24: ='base cleaned'!A15 -> X...journal.of.neurosurgery.spine | J24: =_xlfn.XLOOKUP(E24,'j name table'!B:B,'j name table'!D:D) -> Journal Of Neurosurgery: Spine | K24: FALSE | M24: =PROPER(J24) -> Journal Of Neurosurgery: Spine | N24: ='base cleaned'!B15 -> 0.67 (0.41,1.09) | O24: ='base cleaned'!C15 -> 0.109
E25: ='base cleaned'!A16 -> X...lancet | J25: =_xlfn.XLOOKUP(E25,'j name table'!B:B,'j name table'!D:D) -> Lancet | K25: FALSE | M25: =PROPER(J25) -> Lancet | N25: ='base cleaned'!B16 -> 0.93 (0.11,7.76) | O25: ='base cleaned'!C16 -> 0.945
... E36: ='base cleaned'!A27 -> X...world.neurosurgery | J36: =_xlfn.XLOOKUP(E36,'j name table'!B:B,'j name table'!D:D) -> World Neurosurgery | K36: FALSE | M36: =PROPER(J36) -> World Neurosurgery | N36: ='base cleaned'!B27 -> 0.97 (0.62,1.5) | O36: ='base cleaned'!C27 -> 0.875

Sheet Re-ordered
K10: Predictor | M10: Odds Ratio (95% CI) | N10: P-value
K11: =Original!L11 -> Female Last Author | M11: =Original!N11 -> 1.54 (1.29,1.83) | N11: =Original!O11 -> < 0.001
K12: =Original!L12 -> Year (Continuous) | M12: =Original!N12 -> 1.08 (1.06,1.1) | N12: =Original!O12 -> < 0.001
K13: =PROPER(J13)
L14: {=Table1[Proper]} -> Nature | M14: =_xlfn.XLOOKUP(L14,Original!M:M, Original!N:N) -> 0 (0,3.05883308644914e+152) | N14: =_xlfn.XLOOKUP(L14,Original!M:M, Original!O:O) -> 0.953
L15: Science | M15: =_xlfn.XLOOKUP(L15,Original!M:M, Original!N:N) -> 7.26 (0.44,120.91) | N15: =_xlfn.XLOOKUP(L15,Original!M:M, Original!O:O) -> 0.167
L16: Jama | M16: =_xlfn.XLOOKUP(L16,Original!M:M, Original!N:N) -> 0.44 (0.06,3.52) | N16: =_xlfn.XLOOKUP(L16,Original!M:M, Original!O:O) -> 0.439
L17: Jama Surgery | M17: =_xlfn.XLOOKUP(L17,Original!M:M, Original!N:N) -> 0.9 (0.19,4.4) | N17: =_xlfn.XLOOKUP(L17,Original!M:M, Original!O:O) -> 0.899
L18: Lancet | M18: =_xlfn.XLOOKUP(L18,Original!M:M, Original!N:N) -> 0.93 (0.11,7.76) | N18: =_xlfn.XLOOKUP(L18,Original!M:M, Original!O:O) -> 0.945
L19: Nature Medicine | M19: =_xlfn.XLOOKUP(L19,Original!M:M, Original!N:N) -> 0.82 (0.09,7.26) | N19: =_xlfn.XLOOKUP(L19,Original!M:M, Original!O:O) -> 0.862
L20: Science Translational Medicine | M20: =_xlfn.XLOOKUP(L20,Original!M:M, Original!N:N) -> 0 (0,6.93754670969676e+154) | N20: =_xlfn.XLOOKUP(L20,Original!M:M, Original!O:O) -> 0.956
L21: The New England Journal Of Medicine | M21: =_xlfn.XLOOKUP(L21,Original!M:M, Original!N:N) -> 1.05 (0.33,3.31) | N21: =_xlfn.XLOOKUP(L21,Original!M:M, Original!O:O) -> 0.932
L22: Epilepsia | M22: =_xlfn.XLOOKUP(L22,Original!M:M, Original!N:N) -> 1.15 (0.48,2.79) | N22: =_xlfn.XLOOKUP(L22,Original!M:M, Original!O:O) -> 0.752
L23: Journal Of Clinical Neuroscience | M23: =_xlfn.XLOOKUP(L23,Original!M:M, Original!N:N) -> 0.97 (0.59,1.58) | N23: =_xlfn.XLOOKUP(L23,Original!M:M, Original!O:O) -> 0.892
L24: Journal Of Neurooncology | M24: =_xlfn.XLOOKUP(L24,Original!M:M, Original!N:N) -> 1.12 (0.66,1.91) | N24: =_xlfn.XLOOKUP(L24,Original!M:M, Original!O:O) -> 0.668
L25: Spine | M25: =_xlfn.XLOOKUP(L25,Original!M:M, Original!N:N) -> 0.53 (0.27,1.04) | N25: =_xlfn.XLOOKUP(L25,Original!M:M, Original!O:O) -> 0.064
L26: Journal Of Cerebrovascular And Endovascular Neurosurgery | M26: =_xlfn.XLOOKUP(L26,Original!M:M, Original!N:N) -> 1.02 (0.35,2.91) | N26: =_xlfn.XLOOKUP(L26,Original!M:M, Original!O:O) -> 0.978
... L36: World Neurosurgery | M36: =_xlfn.XLOOKUP(L36,Original!M:M, Original!N:N) -> 0.97 (0.62,1.5) | N36: =_xlfn.XLOOKUP(L36,Original!M:M, Original!O:O) -> 0.875

Sheet filter
K10: Predictor | M10: Odds Ratio (95% CI) | N10: P-value
K11: ='Re-ordered'!K11 -> Female Last Author | M11: ='Re-ordered'!M11 -> 1.54 (1.29,1.83) | N11: ='Re-ordered'!N11 -> < 0.001
K12: ='Re-ordered'!K12 -> Year (Continuous) | M12: ='Re-ordered'!M12 -> 1.08 (1.06,1.1) | N12: ='Re-ordered'!N12 -> < 0.001
K13: =Original!L13 -> Journal (Acta Neurochirurgica Baseline)
J14: TRUE | L14: =IF(NOT($J14),'Re-ordered'!L14,"") | M14: =IF(NOT($J14),'Re-ordered'!M14,"") | N14: =IF(NOT($J14),'Re-ordered'!N14,"")
J15: FALSE | L15: =IF(NOT($J15),'Re-ordered'!L15,"") -> Science | M15: =IF(NOT($J15),'Re-ordered'!M15,"") -> 7.26 (0.44,120.91) | N15: =IF(NOT($J15),'Re-ordered'!N15,"") -> 0.167
J16: FALSE | L16: =IF(NOT($J16),'Re-ordered'!L16,"") -> Jama | M16: =IF(NOT($J16),'Re-ordered'!M16,"") -> 0.44 (0.06,3.52) | N16: =IF(NOT($J16),'Re-ordered'!N16,"") -> 0.439
J17: FALSE | L17: =IF(NOT($J17),'Re-ordered'!L17,"") -> Jama Surgery | M17: =IF(NOT($J17),'Re-ordered'!M17,"") -> 0.9 (0.19,4.4) | N17: =IF(NOT($J17),'Re-ordered'!N17,"") -> 0.899
J18: FALSE | L18: =IF(NOT($J18),'Re-ordered'!L18,"") -> Lancet | M18: =IF(NOT($J18),'Re-ordered'!M18,"") -> 0.93 (0.11,7.76) | N18: =IF(NOT($J18),'Re-ordered'!N18,"") -> 0.945
J19: FALSE | L19: =IF(NOT($J19),'Re-ordered'!L19,"") -> Nature Medicine | M19: =IF(NOT($J19),'Re-ordered'!M19,"") -> 0.82 (0.09,7.26) | N19: =IF(NOT($J19),'Re-ordered'!N19,"") -> 0.862
J20: TRUE | L20: =IF(NOT($J20),'Re-ordered'!L20,"") | M20: =IF(NOT($J20),'Re-ordered'!M20,"") | N20: =IF(NOT($J20),'Re-ordered'!N20,"")
J21: FALSE | L21: =IF(NOT($J21),'Re-ordered'!L21,"") -> The New England Journal Of Medicine | M21: =IF(NOT($J21),'Re-ordered'!M21,"") -> 1.05 (0.33,3.31) | N21: =IF(NOT($J21),'Re-ordered'!N21,"") -> 0.932
J22: FALSE | L22: =IF(NOT($J22),'Re-ordered'!L22,"") -> Epilepsia | M22: =IF(NOT($J22),'Re-ordered'!M22,"") -> 1.15 (0.48,2.79) | N22: =IF(NOT($J22),'Re-ordered'!N22,"") -> 0.752
J23: FALSE | L23: =IF(NOT($J23),'Re-ordered'!L23,"") -> Journal Of Clinical Neuroscience | M23: =IF(NOT($J23),'Re-ordered'!M23,"") -> 0.97 (0.59,1.58) | N23: =IF(NOT($J23),'Re-ordered'!N23,"") -> 0.892
J24: FALSE | L24: =IF(NOT($J24),'Re-ordered'!L24,"") -> Journal Of Neurooncology | M24: =IF(NOT($J24),'Re-ordered'!M24,"") -> 1.12 (0.66,1.91) | N24: =IF(NOT($J24),'Re-ordered'!N24,"") -> 0.668
J25: FALSE | L25: =IF(NOT($J25),'Re-ordered'!L25,"") -> Spine | M25: =IF(NOT($J25),'Re-ordered'!M25,"") -> 0.53 (0.27,1.04) | N25: =IF(NOT($J25),'Re-ordered'!N25,"") -> 0.064
... J37: FALSE | L37: =IF(NOT($J37),'Re-ordered'!L37,"") -> 0 | M37: =IF(NOT($J37),'Re-ordered'!M37,"") -> 0 | N37: =IF(NOT($J37),'Re-ordered'!N37,"") -> 0
L38: =IF(NOT($J38),'Re-ordered'!L38,"") -> 0 | M38: =IF(NOT($J38),'Re-ordered'!M38,"") -> 0 | N38: =IF(NOT($J38),'Re-ordered'!N38,"") -> 0
L39: =IF(NOT($J39),'Re-ordered'!L39,"") -> 0 | M39: =IF(NOT($J39),'Re-ordered'!M39,"") -> 0 | N39: =IF(NOT($J39),'Re-ordered'!N39,"") -> 0

Sheet final
K10: Predictor | M10: Odds Ratio (95% CI) | N10: P-value
K11: ='Re-ordered'!K11 -> Female Last Author | M11: ='Re-ordered'!M11 -> 1.54 (1.29,1.83) | N11: ='Re-ordered'!N11 -> < 0.001
K12: ='Re-ordered'!K12 -> Year (Continuous) | M12: ='Re-ordered'!M12 -> 1.08 (1.06,1.1) | N12: ='Re-ordered'!N12 -> < 0.001
K13: =Original!L13 -> Journal (Acta Neurochirurgica Baseline)
J14: =_xlfn.XLOOKUP(L14,'j name table'!D:D,'j name table'!C:C) -> gen | L14: {=_xlfn._xlws.FILTER(filter!L14:L36, filter!L14:L36<>"")} -> Science | M14: {=_xlfn._xlws.FILTER(filter!M14:M36, filter!M14:M36<>"")} -> 7.26 (0.44,120.91) | N14: {=_xlfn._xlws.FILTER(filter!N14:N36, filter!N14:N36<>"")} -> 0.167
J15: =_xlfn.XLOOKUP(L15,'j name table'!D:D,'j name table'!C:C) -> med | L15: Jama | M15: 0.44 (0.06,3.52) | N15: 0.439
J16: =_xlfn.XLOOKUP(L16,'j name table'!D:D,'j name table'!C:C) -> med | L16: Jama Surgery | M16: 0.9 (0.19,4.4) | N16: 0.899
J17: =_xlfn.XLOOKUP(L17,'j name table'!D:D,'j name table'!C:C) -> med | L17: Lancet | M17: 0.93 (0.11,7.76) | N17: 0.945
J18: =_xlfn.XLOOKUP(L18,'j name table'!D:D,'j name table'!C:C) -> med | L18: Nature Medicine | M18: 0.82 (0.09,7.26) | N18: 0.862
J19: =_xlfn.XLOOKUP(L19,'j name table'!D:D,'j name table'!C:C) -> med | L19: The New England Journal Of Medicine | M19: 1.05 (0.33,3.31) | N19: 0.932
J20: =_xlfn.XLOOKUP(L20,'j name table'!D:D,'j name table'!C:C) -> neuro | L20: Epilepsia | M20: 1.15 (0.48,2.79) | N20: 0.752
J21: =_xlfn.XLOOKUP(L21,'j name table'!D:D,'j name table'!C:C) -> neuro | L21: Journal Of Clinical Neuroscience | M21: 0.97 (0.59,1.58) | N21: 0.892
J22: =_xlfn.XLOOKUP(L22,'j name table'!D:D,'j name table'!C:C) -> neuro | L22: Journal Of Neurooncology | M22: 1.12 (0.66,1.91) | N22: 0.668
J23: =_xlfn.XLOOKUP(L23,'j name table'!D:D,'j name table'!C:C) -> neuro | L23: Spine | M23: 0.53 (0.27,1.04) | N23: 0.064
J24: =_xlfn.XLOOKUP(L24,'j name table'!D:D,'j name table'!C:C) -> nsurg | L24: Journal Of Cerebrovascular And Endovascular Neurosurgery | M24: 1.02 (0.35,2.91) | N24: 0.978
J25: =_xlfn.XLOOKUP(L25,'j name table'!D:D,'j name table'!C:C) -> nsurg | L25: Journal Of Neuro Interventional Surgery | M25: 0.46 (0.26,0.83) | N25: 0.009
J26: =_xlfn.XLOOKUP(L26,'j name table'!D:D,'j name table'!C:C) -> nsurg | L26: Journal Of Neurological Surgery Part B: Skull Base | M26: 1.26 (0.71,2.25) | N26: 0.425
... J34: =_xlfn.XLOOKUP(L34,'j name table'!D:D,'j name table'!C:C) -> nsurg | L34: World Neurosurgery | M34: 0.97 (0.62,1.5) | N34: 0.875
